Workbook

Sheet README
B1: SDC Persona UAT Tracker — v1
B2: Companion to sdc-persona-test-scripts-v1.md. The doc holds the scripts; this workbook records runs and computes the roll-up.
B4: Tab colors
B5: BLUE tabs = input (you type here): Runs, Executions, ProbeResults, Defects. One fact per row; never merge cells.
B6: GREEN tabs = reference registers seeded from the v1 doc: Scripts, Probes. Edit only when the doc changes.
B7: ORANGE tabs = derived, formulas only: RunPlan, Dashboard. Do not type in these except the yellow lever cells.
B9: Workflow per run
B10: 1. Runs — add one row per run. The pre-flight card (E1–E5 from the doc) is columns E–I; the Dashboard slices by these answers.
B11: 2. RunPlan — pick the run in the yellow cell B1. The sheet lists all 17 scripts and computes: runnable vs GATED (from that run's E2/E4 answers), executions logged, best completion, mean SEQ, probe accuracy. This is the live checklist to drive a session.
B12: 3. Executions — one row per script execution (tester, completion U/A/F, duration in minutes, error count, SEQ 1–7).
B13: 4. ProbeResults — one row per probe asked, scored 0 / 0.5 / 1 against the key on the Probes sheet.
B14: 5. Defects — one row per anomaly. Severity uses full words (Blocker / Major / Minor) rather than the doc's B/M/m because COUNTIFS is case-insensitive and cannot tell M from m.
... B22: Assumption: one tester per execution row; a re-run of the same script in the same run is a second row, and RunPlan shows the best completion achieved (U beats A beats F).

Sheet Runs
A1: run_id | B1: date | C1: build / tag | D1: coordinator | E1: E1 mode | F1: E2 Q1(b) fix live? | G1: E3 WFA-013 fix live? | H1: E4 seed gate built? | I1: E5 reminders built? | J1: notes
A2: R0-example | B2: 2026-07-22 | C2: v121-pilot | D2: Emily | E2: pilot | F2: no | G2: no | H2: no | I2: no | J2: Example row — delete before first real run

Sheet Scripts
A1: script_id | B1: persona | C1: title | D1: what it isolates | E1: probes | F1: expectation depends on | G1: requires E2 | H1: requires E4 | I1: hazard | J1: chained from
A2: S-01 | B2: Supplier | C2: Invitation receipt and orientation | D2: Whether the invitation alone orients a cold supplier: the ask, the template, the portal | E2: P1, P2
A3: S-02 | B3: Supplier | C3: Template comprehension and data entry | D3: The template as a self-explanatory instrument: banner, locking, dropdowns, dependent dropdowns, formats
A4: S-03 | B4: Supplier | C4: First submission (clean file) | D4: Upload path end-to-end from the supplier's chair; post-submit messaging; pipeline latency | E4: P3
A5: S-04 | B5: Supplier | C5: Status comprehension and information exposure | D5: Pilot neutrality: blind two-request comparison — supplier must not distinguish passed from failed | E5: P4 | F5: E3
A6: S-05 | B6: Supplier | C6: Rework loop (analyst-initiated) | D6: Only pilot path into SAR: notice the rework, understand the note, correct, resubmit | E6: P5 | J6: A-04
A7: S-06 | B7: Supplier | C7: Still-failing resubmission from rework | D7: The Q1(b) path: failed resubmission from supplier_action_required must not stall | G7: Y | I7: Y | J7: A-04
A8: S-07 | B8: Supplier | C8: Approval and terminal comprehension | D8: Closure: supplier knows they are done and stops checking; no residual calls-to-action | E8: P6 | J8: A-02
A9: S-08 | B9: Supplier | C9: Bad-file submission (structural path) | D9: Graceful handling of natural wrong files: unmodified template, wrong type, wrong spreadsheet | E9: P7 | F9: E1 mode
A10: S-09 | B10: Supplier | C10: Expired template link (known-gap probe) | D10: Documents the 10-day TTL failure experience ahead of the Workflow 7 build; not pass/fail | F10: E5
A11: A-01 | B11: Analyst | C11: Queue discovery and triage | D11: The dashboard's first question — what needs me right now — answered accurately at a glance | E11: P8 | F11: E1 mode
A12: A-02 | B12: Analyst | C12: Review and approve a clean submission | D12: Happy-path decision with a consistent world after: state, approved snapshot, note, history
A13: A-03 | B13: Analyst | C13: Review a failed submission | D13: The pilot's asymmetry: analyst sees verdict, counts, and line errors the supplier must not | E13: P9, P10 | F13: E1 mode
A14: A-04 | B14: Analyst | C14: Request rework with a note | D14: The analyst-to-supplier handoff; the note written here keys the supplier's P5 probe
A15: A-05 | B15: Analyst | C15: Full-cycle history integrity | D15: After rework, resubmit, approve: the record tells the whole story, incl. which file was approved | E15: P11 | J15: A-04, S-05, A-02
A16: A-06 | B16: Analyst | C16: Seeded-data review gate | D16: PII gate: approval binds to bytes; invitation blocked with zero side effects; reseed voids approval | E16: P12 | H16: Y
A17: A-07 | B17: Analyst | C17: Validation report actionability | D17: The report artifact alone: every error translatable into a supplier-fixable instruction | E17: P13
A18: A-08 | B18: Analyst | C18: Guard behavior on out-of-order actions | D18: System manners at the wrong time: refusal with a reason, no partial writes, no silent no-ops

Sheet Probes
A1: probe_id | B1: script_id | C1: question (asked before any coordinator info) | D1: answer key / scoring basis | E1: thesis-critical
A2: P1 | B2: S-01 | C2: In one sentence, what are you being asked to do, and by when? | D2: Matches the invitation's actual ask and deadline
A3: P2 | B3: S-01 | C3: What status does the portal show, and what does it mean you should do? | D3: Reflects the 'sent' derivation: action is with the supplier — complete and submit
A4: P3 | B4: S-03 | C4: What happens next? Do you need to do anything? | D4: Nothing — it's with them now (under review)
A5: P4 | B5: S-04 | C5: Per request: did it pass or fail their checks? How can you tell? | D5: Cannot tell — both requests read identically (score 0 if the tester distinguishes them) | E5: Y
A6: P5 | B6: S-05 | C6: What went wrong, and what exactly do you need to change? | D6: Scored against the specific rework note staged in A-04 | E6: Y
A7: P6 | B7: S-07 | C7: Is there anything left for you to do on this request — now or later? | D7: No — complete
A8: P7 | B8: S-08 | C8: Per bad file: did that work? What should you do now? | D8: Tester correctly infers their next move from the surfaced outcome
A9: P8 | B9: A-01 | C9: How many items need your action right now? Which ones? | D9: Pilot: 2 (both pending_review). Default mode: 1 (failed items auto-returned)
A10: P9 | B10: A-03 | C10: Did this submission pass the automated checks? How many problems were found? | D10: Failed; count matches the coordinator's planted-error key
A11: P10 | B11: A-03 | C11: Would you approve this, or send it back? Why? | D11: Rework, citing at least one planted error specifically
A12: P11 | B12: A-05 | C12: Reconstruct what happened on this request, in order, with dates. | D12: Matches the coordinator's staged timeline: both submissions, both decisions, right order
A13: P12 | B13: A-06 | C13: How many seeded requests await review, and what was seeded into each? | D13: Exactly the staged pending item (control absent); manifest summary read without opening the file
A14: P13 | B14: A-07 | C14: Are any errors ones the supplier couldn't fix from your description alone? | D14: Every planted error yields an actionable instruction; inexplicable ones logged as catalog gaps

Sheet Executions
A1: exec_id | B1: run_id | C1: script_id | D1: tester | E1: date | F1: completion (U/A/F) | G1: duration (min) | H1: errors | I1: SEQ (1-7) | J1: persona (auto) | K1: notes
A2: EX-001 | B2: R0-example | C2: S-01 | D2: T. Tester | E2: 2026-07-22 | F2: U | G2: 6.5 | H2: 1 | I2: 6 | J2: =IF($C2="","",IFERROR(INDEX(Scripts!$B$2:$B$18,MATCH($C2,Scripts!$A$2:$A$18,0)),"?")) -> Supplier | K2: Example row — delete before first real run
J3: =IF($C3="","",IFERROR(INDEX(Scripts!$B$2:$B$18,MATCH($C3,Scripts!$A$2:$A$18,0)),"?"))
J4: =IF($C4="","",IFERROR(INDEX(Scripts!$B$2:$B$18,MATCH($C4,Scripts!$A$2:$A$18,0)),"?"))
J5: =IF($C5="","",IFERROR(INDEX(Scripts!$B$2:$B$18,MATCH($C5,Scripts!$A$2:$A$18,0)),"?"))
J6: =IF($C6="","",IFERROR(INDEX(Scripts!$B$2:$B$18,MATCH($C6,Scripts!$A$2:$A$18,0)),"?"))
J7: =IF($C7="","",IFERROR(INDEX(Scripts!$B$2:$B$18,MATCH($C7,Scripts!$A$2:$A$18,0)),"?"))
J8: =IF($C8="","",IFERROR(INDEX(Scripts!$B$2:$B$18,MATCH($C8,Scripts!$A$2:$A$18,0)),"?"))
J9: =IF($C9="","",IFERROR(INDEX(Scripts!$B$2:$B$18,MATCH($C9,Scripts!$A$2:$A$18,0)),"?"))
J10: =IF($C10="","",IFERROR(INDEX(Scripts!$B$2:$B$18,MATCH($C10,Scripts!$A$2:$A$18,0)),"?"))
J11: =IF($C11="","",IFERROR(INDEX(Scripts!$B$2:$B$18,MATCH($C11,Scripts!$A$2:$A$18,0)),"?"))
J12: =IF($C12="","",IFERROR(INDEX(Scripts!$B$2:$B$18,MATCH($C12,Scripts!$A$2:$A$18,0)),"?"))
J13: =IF($C13="","",IFERROR(INDEX(Scripts!$B$2:$B$18,MATCH($C13,Scripts!$A$2:$A$18,0)),"?"))
J14: =IF($C14="","",IFERROR(INDEX(Scripts!$B$2:$B$18,MATCH($C14,Scripts!$A$2:$A$18,0)),"?"))
... J200: =IF($C200="","",IFERROR(INDEX(Scripts!$B$2:$B$18,MATCH($C200,Scripts!$A$2:$A$18,0)),"?"))

Sheet ProbeResults
A1: run_id | B1: probe_id | C1: tester | D1: score (0/0.5/1) | E1: evidence / tester's answer | F1: script (auto) | G1: critical (auto)
A2: R0-example | B2: P1 | C2: T. Tester | D2: 1 | E2: Stated the ask and deadline correctly (example) | F2: =IF($B2="","",IFERROR(INDEX(Probes!$B$2:$B$14,MATCH($B2,Probes!$A$2:$A$14,0)),"?")) -> S-01 | G2: =IF($B2="","",IFERROR(T(INDEX(Probes!$E$2:$E$14,MATCH($B2,Probes!$A$2:$A$14,0))),""))
A3: R0-example | B3: P2 | C3: T. Tester | D3: 0.5 | E3: Knew the action was theirs; missed the deadline (example) | F3: =IF($B3="","",IFERROR(INDEX(Probes!$B$2:$B$14,MATCH($B3,Probes!$A$2:$A$14,0)),"?")) -> S-01 | G3: =IF($B3="","",IFERROR(T(INDEX(Probes!$E$2:$E$14,MATCH($B3,Probes!$A$2:$A$14,0))),""))
F4: =IF($B4="","",IFERROR(INDEX(Probes!$B$2:$B$14,MATCH($B4,Probes!$A$2:$A$14,0)),"?")) | G4: =IF($B4="","",IFERROR(T(INDEX(Probes!$E$2:$E$14,MATCH($B4,Probes!$A$2:$A$14,0))),""))
F5: =IF($B5="","",IFERROR(INDEX(Probes!$B$2:$B$14,MATCH($B5,Probes!$A$2:$A$14,0)),"?")) | G5: =IF($B5="","",IFERROR(T(INDEX(Probes!$E$2:$E$14,MATCH($B5,Probes!$A$2:$A$14,0))),""))
F6: =IF($B6="","",IFERROR(INDEX(Probes!$B$2:$B$14,MATCH($B6,Probes!$A$2:$A$14,0)),"?")) | G6: =IF($B6="","",IFERROR(T(INDEX(Probes!$E$2:$E$14,MATCH($B6,Probes!$A$2:$A$14,0))),""))
F7: =IF($B7="","",IFERROR(INDEX(Probes!$B$2:$B$14,MATCH($B7,Probes!$A$2:$A$14,0)),"?")) | G7: =IF($B7="","",IFERROR(T(INDEX(Probes!$E$2:$E$14,MATCH($B7,Probes!$A$2:$A$14,0))),""))
F8: =IF($B8="","",IFERROR(INDEX(Probes!$B$2:$B$14,MATCH($B8,Probes!$A$2:$A$14,0)),"?")) | G8: =IF($B8="","",IFERROR(T(INDEX(Probes!$E$2:$E$14,MATCH($B8,Probes!$A$2:$A$14,0))),""))
F9: =IF($B9="","",IFERROR(INDEX(Probes!$B$2:$B$14,MATCH($B9,Probes!$A$2:$A$14,0)),"?")) | G9: =IF($B9="","",IFERROR(T(INDEX(Probes!$E$2:$E$14,MATCH($B9,Probes!$A$2:$A$14,0))),""))
F10: =IF($B10="","",IFERROR(INDEX(Probes!$B$2:$B$14,MATCH($B10,Probes!$A$2:$A$14,0)),"?")) | G10: =IF($B10="","",IFERROR(T(INDEX(Probes!$E$2:$E$14,MATCH($B10,Probes!$A$2:$A$14,0))),""))
F11: =IF($B11="","",IFERROR(INDEX(Probes!$B$2:$B$14,MATCH($B11,Probes!$A$2:$A$14,0)),"?")) | G11: =IF($B11="","",IFERROR(T(INDEX(Probes!$E$2:$E$14,MATCH($B11,Probes!$A$2:$A$14,0))),""))
F12: =IF($B12="","",IFERROR(INDEX(Probes!$B$2:$B$14,MATCH($B12,Probes!$A$2:$A$14,0)),"?")) | G12: =IF($B12="","",IFERROR(T(INDEX(Probes!$E$2:$E$14,MATCH($B12,Probes!$A$2:$A$14,0))),""))
F13: =IF($B13="","",IFERROR(INDEX(Probes!$B$2:$B$14,MATCH($B13,Probes!$A$2:$A$14,0)),"?")) | G13: =IF($B13="","",IFERROR(T(INDEX(Probes!$E$2:$E$14,MATCH($B13,Probes!$A$2:$A$14,0))),""))
F14: =IF($B14="","",IFERROR(INDEX(Probes!$B$2:$B$14,MATCH($B14,Probes!$A$2:$A$14,0)),"?")) | G14: =IF($B14="","",IFERROR(T(INDEX(Probes!$E$2:$E$14,MATCH($B14,Probes!$A$2:$A$14,0))),""))
F15: =IF($B15="","",IFERROR(INDEX(Probes!$B$2:$B$14,MATCH($B15,Probes!$A$2:$A$14,0)),"?")) | G15: =IF($B15="","",IFERROR(T(INDEX(Probes!$E$2:$E$14,MATCH($B15,Probes!$A$2:$A$14,0))),""))
... F200: =IF($B200="","",IFERROR(INDEX(Probes!$B$2:$B$14,MATCH($B200,Probes!$A$2:$A$14,0)),"?")) | G200: =IF($B200="","",IFERROR(T(INDEX(Probes!$E$2:$E$14,MATCH($B200,Probes!$A$2:$A$14,0))),""))

Sheet Defects
A1: defect_id | B1: run_id | C1: script_id | D1: step | E1: description | F1: severity | G1: tag | H1: status
A2: D-001 | B2: R0-example | C2: S-01 | D2: 3 | E2: Template link needed two clicks; first opened a preview with no download control (example row — delete) | F2: Minor | H2: open

Sheet RunPlan
A1: Selected run: | B1: R0-example
A2: Mode: | B2: =IFERROR(INDEX(Runs!$E$2:$E$40,MATCH($B$1,Runs!$A$2:$A$40,0)),"") -> pilot | C2: E2 fix: | D2: =IFERROR(INDEX(Runs!$F$2:$F$40,MATCH($B$1,Runs!$A$2:$A$40,0)),"") -> no | E2: E3 fix: | F2: =IFERROR(INDEX(Runs!$G$2:$G$40,MATCH($B$1,Runs!$A$2:$A$40,0)),"") -> no | G2: E4 gate: | H2: =IFERROR(INDEX(Runs!$H$2:$H$40,MATCH($B$1,Runs!$A$2:$A$40,0)),"") -> no | I2: E5: | J2: =IFERROR(INDEX(Runs!$I$2:$I$40,MATCH($B$1,Runs!$A$2:$A$40,0)),"") -> no
A4: script_id | B4: persona | C4: title | D4: runnable? | E4: executions | F4: best completion | G4: mean SEQ | H4: probe accuracy | I4: hazard
A5: =Scripts!A2 -> S-01 | B5: =Scripts!B2 -> Supplier | C5: =Scripts!C2 -> Invitation receipt and orientation | D5: =IF($B$1="","—",IF(AND(OR(Scripts!G2<>"Y",$D$2="yes"),OR(Scripts!H2<>"Y",$H$2="yes")),"runnable","GATED")) -> runnable | E5: =IF($B$1="","",COUNTIFS(Executions!$B$2:$B$500,$B$1,Executions!$C$2:$C$500,$A5)) -> 1 | F5: =IF($B$1="","",IF($E5=0,"pending",IF(COUNTIFS(Executions!$B$2:$B$500,$B$1,Executions!$C$2:$C$500,$A5,Executions!$F$2:$F$500,"U")>0,"U",IF(COUNTIFS(Executions!$B$2:$B$500,$B$1,Executions!$C$2:$C$500,$A5,Executions!$F$2:$F$500,"A")>0,"A","F")))) -> U | G5: =IF(OR($B$1="",$E5=0),"",IFERROR(AVERAGEIFS(Executions!$I$2:$I$500,Executions!$B$2:$B$500,$B$1,Executions!$C$2:$C$500,$A5),"—")) -> 6 | H5: =IF($B$1="","",IFERROR(AVERAGEIFS(ProbeResults!$D$2:$D$500,ProbeResults!$A$2:$A$500,$B$1,ProbeResults!$F$2:$F$500,$A5),"—")) -> 0.75 | I5: =IF(Scripts!I2="Y","HAZARD","")
A6: =Scripts!A3 -> S-02 | B6: =Scripts!B3 -> Supplier | C6: =Scripts!C3 -> Template comprehension and data entry | D6: =IF($B$1="","—",IF(AND(OR(Scripts!G3<>"Y",$D$2="yes"),OR(Scripts!H3<>"Y",$H$2="yes")),"runnable","GATED")) -> runnable | E6: =IF($B$1="","",COUNTIFS(Executions!$B$2:$B$500,$B$1,Executions!$C$2:$C$500,$A6)) -> 0 | F6: =IF($B$1="","",IF($E6=0,"pending",IF(COUNTIFS(Executions!$B$2:$B$500,$B$1,Executions!$C$2:$C$500,$A6,Executions!$F$2:$F$500,"U")>0,"U",IF(COUNTIFS(Executions!$B$2:$B$500,$B$1,Executions!$C$2:$C$500,$A6,Executions!$F$2:$F$500,"A")>0,"A","F")))) -> pending | G6: =IF(OR($B$1="",$E6=0),"",IFERROR(AVERAGEIFS(Executions!$I$2:$I$500,Executions!$B$2:$B$500,$B$1,Executions!$C$2:$C$500,$A6),"—")) | H6: =IF($B$1="","",IFERROR(AVERAGEIFS(ProbeResults!$D$2:$D$500,ProbeResults!$A$2:$A$500,$B$1,ProbeResults!$F$2:$F$500,$A6),"—")) -> — | I6: =IF(Scripts!I3="Y","HAZARD","")
A7: =Scripts!A4 -> S-03 | B7: =Scripts!B4 -> Supplier | C7: =Scripts!C4 -> First submission (clean file) | D7: =IF($B$1="","—",IF(AND(OR(Scripts!G4<>"Y",$D$2="yes"),OR(Scripts!H4<>"Y",$H$2="yes")),"runnable","GATED")) -> runnable | E7: =IF($B$1="","",COUNTIFS(Executions!$B$2:$B$500,$B$1,Executions!$C$2:$C$500,$A7)) -> 0 | F7: =IF($B$1="","",IF($E7=0,"pending",IF(COUNTIFS(Executions!$B$2:$B$500,$B$1,Executions!$C$2:$C$500,$A7,Executions!$F$2:$F$500,"U")>0,"U",IF(COUNTIFS(Executions!$B$2:$B$500,$B$1,Executions!$C$2:$C$500,$A7,Executions!$F$2:$F$500,"A")>0,"A","F")))) -> pending | G7: =IF(OR($B$1="",$E7=0),"",IFERROR(AVERAGEIFS(Executions!$I$2:$I$500,Executions!$B$2:$B$500,$B$1,Executions!$C$2:$C$500,$A7),"—")) | H7: =IF($B$1="","",IFERROR(AVERAGEIFS(ProbeResults!$D$2:$D$500,ProbeResults!$A$2:$A$500,$B$1,ProbeResults!$F$2:$F$500,$A7),"—")) -> — | I7: =IF(Scripts!I4="Y","HAZARD","")
A8: =Scripts!A5 -> S-04 | B8: =Scripts!B5 -> Supplier | C8: =Scripts!C5 -> Status comprehension and information exposure | D8: =IF($B$1="","—",IF(AND(OR(Scripts!G5<>"Y",$D$2="yes"),OR(Scripts!H5<>"Y",$H$2="yes")),"runnable","GATED")) -> runnable | E8: =IF($B$1="","",COUNTIFS(Executions!$B$2:$B$500,$B$1,Executions!$C$2:$C$500,$A8)) -> 0 | F8: =IF($B$1="","",IF($E8=0,"pending",IF(COUNTIFS(Executions!$B$2:$B$500,$B$1,Executions!$C$2:$C$500,$A8,Executions!$F$2:$F$500,"U")>0,"U",IF(COUNTIFS(Executions!$B$2:$B$500,$B$1,Executions!$C$2:$C$500,$A8,Executions!$F$2:$F$500,"A")>0,"A","F")))) -> pending | G8: =IF(OR($B$1="",$E8=0),"",IFERROR(AVERAGEIFS(Executions!$I$2:$I$500,Executions!$B$2:$B$500,$B$1,Executions!$C$2:$C$500,$A8),"—")) | H8: =IF($B$1="","",IFERROR(AVERAGEIFS(ProbeResults!$D$2:$D$500,ProbeResults!$A$2:$A$500,$B$1,ProbeResults!$F$2:$F$500,$A8),"—")) -> — | I8: =IF(Scripts!I5="Y","HAZARD","")
A9: =Scripts!A6 -> S-05 | B9: =Scripts!B6 -> Supplier | C9: =Scripts!C6 -> Rework loop (analyst-initiated) | D9: =IF($B$1="","—",IF(AND(OR(Scripts!G6<>"Y",$D$2="yes"),OR(Scripts!H6<>"Y",$H$2="yes")),"runnable","GATED")) -> runnable | E9: =IF($B$1="","",COUNTIFS(Executions!$B$2:$B$500,$B$1,Executions!$C$2:$C$500,$A9)) -> 0 | F9: =IF($B$1="","",IF($E9=0,"pending",IF(COUNTIFS(Executions!$B$2:$B$500,$B$1,Executions!$C$2:$C$500,$A9,Executions!$F$2:$F$500,"U")>0,"U",IF(COUNTIFS(Executions!$B$2:$B$500,$B$1,Executions!$C$2:$C$500,$A9,Executions!$F$2:$F$500,"A")>0,"A","F")))) -> pending | G9: =IF(OR($B$1="",$E9=0),"",IFERROR(AVERAGEIFS(Executions!$I$2:$I$500,Executions!$B$2:$B$500,$B$1,Executions!$C$2:$C$500,$A9),"—")) | H9: =IF($B$1="","",IFERROR(AVERAGEIFS(ProbeResults!$D$2:$D$500,ProbeResults!$A$2:$A$500,$B$1,ProbeResults!$F$2:$F$500,$A9),"—")) -> — | I9: =IF(Scripts!I6="Y","HAZARD","")
A10: =Scripts!A7 -> S-06 | B10: =Scripts!B7 -> Supplier | C10: =Scripts!C7 -> Still-failing resubmission from rework | D10: =IF($B$1="","—",IF(AND(OR(Scripts!G7<>"Y",$D$2="yes"),OR(Scripts!H7<>"Y",$H$2="yes")),"runnable","GATED")) -> GATED | E10: =IF($B$1="","",COUNTIFS(Executions!$B$2:$B$500,$B$1,Executions!$C$2:$C$500,$A10)) -> 0 | F10: =IF($B$1="","",IF($E10=0,"pending",IF(COUNTIFS(Executions!$B$2:$B$500,$B$1,Executions!$C$2:$C$500,$A10,Executions!$F$2:$F$500,"U")>0,"U",IF(COUNTIFS(Executions!$B$2:$B$500,$B$1,Executions!$C$2:$C$500,$A10,Executions!$F$2:$F$500,"A")>0,"A","F")))) -> pending | G10: =IF(OR($B$1="",$E10=0),"",IFERROR(AVERAGEIFS(Executions!$I$2:$I$500,Executions!$B$2:$B$500,$B$1,Executions!$C$2:$C$500,$A10),"—")) | H10: =IF($B$1="","",IFERROR(AVERAGEIFS(ProbeResults!$D$2:$D$500,ProbeResults!$A$2:$A$500,$B$1,ProbeResults!$F$2:$F$500,$A10),"—")) -> — | I10: =IF(Scripts!I7="Y","HAZARD","") -> HAZARD
A11: =Scripts!A8 -> S-07 | B11: =Scripts!B8 -> Supplier | C11: =Scripts!C8 -> Approval and terminal comprehension | D11: =IF($B$1="","—",IF(AND(OR(Scripts!G8<>"Y",$D$2="yes"),OR(Scripts!H8<>"Y",$H$2="yes")),"runnable","GATED")) -> runnable | E11: =IF($B$1="","",COUNTIFS(Executions!$B$2:$B$500,$B$1,Executions!$C$2:$C$500,$A11)) -> 0 | F11: =IF($B$1="","",IF($E11=0,"pending",IF(COUNTIFS(Executions!$B$2:$B$500,$B$1,Executions!$C$2:$C$500,$A11,Executions!$F$2:$F$500,"U")>0,"U",IF(COUNTIFS(Executions!$B$2:$B$500,$B$1,Executions!$C$2:$C$500,$A11,Executions!$F$2:$F$500,"A")>0,"A","F")))) -> pending | G11: =IF(OR($B$1="",$E11=0),"",IFERROR(AVERAGEIFS(Executions!$I$2:$I$500,Executions!$B$2:$B$500,$B$1,Executions!$C$2:$C$500,$A11),"—")) | H11: =IF($B$1="","",IFERROR(AVERAGEIFS(ProbeResults!$D$2:$D$500,ProbeResults!$A$2:$A$500,$B$1,ProbeResults!$F$2:$F$500,$A11),"—")) -> — | I11: =IF(Scripts!I8="Y","HAZARD","")
A12: =Scripts!A9 -> S-08 | B12: =Scripts!B9 -> Supplier | C12: =Scripts!C9 -> Bad-file submission (structural path) | D12: =IF($B$1="","—",IF(AND(OR(Scripts!G9<>"Y",$D$2="yes"),OR(Scripts!H9<>"Y",$H$2="yes")),"runnable","GATED")) -> runnable | E12: =IF($B$1="","",COUNTIFS(Executions!$B$2:$B$500,$B$1,Executions!$C$2:$C$500,$A12)) -> 0 | F12: =IF($B$1="","",IF($E12=0,"pending",IF(COUNTIFS(Executions!$B$2:$B$500,$B$1,Executions!$C$2:$C$500,$A12,Executions!$F$2:$F$500,"U")>0,"U",IF(COUNTIFS(Executions!$B$2:$B$500,$B$1,Executions!$C$2:$C$500,$A12,Executions!$F$2:$F$500,"A")>0,"A","F")))) -> pending | G12: =IF(OR($B$1="",$E12=0),"",IFERROR(AVERAGEIFS(Executions!$I$2:$I$500,Executions!$B$2:$B$500,$B$1,Executions!$C$2:$C$500,$A12),"—")) | H12: =IF($B$1="","",IFERROR(AVERAGEIFS(ProbeResults!$D$2:$D$500,ProbeResults!$A$2:$A$500,$B$1,ProbeResults!$F$2:$F$500,$A12),"—")) -> — | I12: =IF(Scripts!I9="Y","HAZARD","")
A13: =Scripts!A10 -> S-09 | B13: =Scripts!B10 -> Supplier | C13: =Scripts!C10 -> Expired template link (known-gap probe) | D13: =IF($B$1="","—",IF(AND(OR(Scripts!G10<>"Y",$D$2="yes"),OR(Scripts!H10<>"Y",$H$2="yes")),"runnable","GATED")) -> runnable | E13: =IF($B$1="","",COUNTIFS(Executions!$B$2:$B$500,$B$1,Executions!$C$2:$C$500,$A13)) -> 0 | F13: =IF($B$1="","",IF($E13=0,"pending",IF(COUNTIFS(Executions!$B$2:$B$500,$B$1,Executions!$C$2:$C$500,$A13,Executions!$F$2:$F$500,"U")>0,"U",IF(COUNTIFS(Executions!$B$2:$B$500,$B$1,Executions!$C$2:$C$500,$A13,Executions!$F$2:$F$500,"A")>0,"A","F")))) -> pending | G13: =IF(OR($B$1="",$E13=0),"",IFERROR(AVERAGEIFS(Executions!$I$2:$I$500,Executions!$B$2:$B$500,$B$1,Executions!$C$2:$C$500,$A13),"—")) | H13: =IF($B$1="","",IFERROR(AVERAGEIFS(ProbeResults!$D$2:$D$500,ProbeResults!$A$2:$A$500,$B$1,ProbeResults!$F$2:$F$500,$A13),"—")) -> — | I13: =IF(Scripts!I10="Y","HAZARD","")
A14: =Scripts!A11 -> A-01 | B14: =Scripts!B11 -> Analyst | C14: =Scripts!C11 -> Queue discovery and triage | D14: =IF($B$1="","—",IF(AND(OR(Scripts!G11<>"Y",$D$2="yes"),OR(Scripts!H11<>"Y",$H$2="yes")),"runnable","GATED")) -> runnable | E14: =IF($B$1="","",COUNTIFS(Executions!$B$2:$B$500,$B$1,Executions!$C$2:$C$500,$A14)) -> 0 | F14: =IF($B$1="","",IF($E14=0,"pending",IF(COUNTIFS(Executions!$B$2:$B$500,$B$1,Executions!$C$2:$C$500,$A14,Executions!$F$2:$F$500,"U")>0,"U",IF(COUNTIFS(Executions!$B$2:$B$500,$B$1,Executions!$C$2:$C$500,$A14,Executions!$F$2:$F$500,"A")>0,"A","F")))) -> pending | G14: =IF(OR($B$1="",$E14=0),"",IFERROR(AVERAGEIFS(Executions!$I$2:$I$500,Executions!$B$2:$B$500,$B$1,Executions!$C$2:$C$500,$A14),"—")) | H14: =IF($B$1="","",IFERROR(AVERAGEIFS(ProbeResults!$D$2:$D$500,ProbeResults!$A$2:$A$500,$B$1,ProbeResults!$F$2:$F$500,$A14),"—")) -> — | I14: =IF(Scripts!I11="Y","HAZARD","")
A15: =Scripts!A12 -> A-02 | B15: =Scripts!B12 -> Analyst | C15: =Scripts!C12 -> Review and approve a clean submission | D15: =IF($B$1="","—",IF(AND(OR(Scripts!G12<>"Y",$D$2="yes"),OR(Scripts!H12<>"Y",$H$2="yes")),"runnable","GATED")) -> runnable | E15: =IF($B$1="","",COUNTIFS(Executions!$B$2:$B$500,$B$1,Executions!$C$2:$C$500,$A15)) -> 0 | F15: =IF($B$1="","",IF($E15=0,"pending",IF(COUNTIFS(Executions!$B$2:$B$500,$B$1,Executions!$C$2:$C$500,$A15,Executions!$F$2:$F$500,"U")>0,"U",IF(COUNTIFS(Executions!$B$2:$B$500,$B$1,Executions!$C$2:$C$500,$A15,Executions!$F$2:$F$500,"A")>0,"A","F")))) -> pending | G15: =IF(OR($B$1="",$E15=0),"",IFERROR(AVERAGEIFS(Executions!$I$2:$I$500,Executions!$B$2:$B$500,$B$1,Executions!$C$2:$C$500,$A15),"—")) | H15: =IF($B$1="","",IFERROR(AVERAGEIFS(ProbeResults!$D$2:$D$500,ProbeResults!$A$2:$A$500,$B$1,ProbeResults!$F$2:$F$500,$A15),"—")) -> — | I15: =IF(Scripts!I12="Y","HAZARD","")
A16: =Scripts!A13 -> A-03 | B16: =Scripts!B13 -> Analyst | C16: =Scripts!C13 -> Review a failed submission | D16: =IF($B$1="","—",IF(AND(OR(Scripts!G13<>"Y",$D$2="yes"),OR(Scripts!H13<>"Y",$H$2="yes")),"runnable","GATED")) -> runnable | E16: =IF($B$1="","",COUNTIFS(Executions!$B$2:$B$500,$B$1,Executions!$C$2:$C$500,$A16)) -> 0 | F16: =IF($B$1="","",IF($E16=0,"pending",IF(COUNTIFS(Executions!$B$2:$B$500,$B$1,Executions!$C$2:$C$500,$A16,Executions!$F$2:$F$500,"U")>0,"U",IF(COUNTIFS(Executions!$B$2:$B$500,$B$1,Executions!$C$2:$C$500,$A16,Executions!$F$2:$F$500,"A")>0,"A","F")))) -> pending | G16: =IF(OR($B$1="",$E16=0),"",IFERROR(AVERAGEIFS(Executions!$I$2:$I$500,Executions!$B$2:$B$500,$B$1,Executions!$C$2:$C$500,$A16),"—")) | H16: =IF($B$1="","",IFERROR(AVERAGEIFS(ProbeResults!$D$2:$D$500,ProbeResults!$A$2:$A$500,$B$1,ProbeResults!$F$2:$F$500,$A16),"—")) -> — | I16: =IF(Scripts!I13="Y","HAZARD","")
... A21: =Scripts!A18 -> A-08 | B21: =Scripts!B18 -> Analyst | C21: =Scripts!C18 -> Guard behavior on out-of-order actions | D21: =IF($B$1="","—",IF(AND(OR(Scripts!G18<>"Y",$D$2="yes"),OR(Scripts!H18<>"Y",$H$2="yes")),"runnable","GATED")) -> runnable | E21: =IF($B$1="","",COUNTIFS(Executions!$B$2:$B$500,$B$1,Executions!$C$2:$C$500,$A21)) -> 0 | F21: =IF($B$1="","",IF($E21=0,"pending",IF(COUNTIFS(Executions!$B$2:$B$500,$B$1,Executions!$C$2:$C$500,$A21,Executions!$F$2:$F$500,"U")>0,"U",IF(COUNTIFS(Executions!$B$2:$B$500,$B$1,Executions!$C$2:$C$500,$A21,Executions!$F$2:$F$500,"A")>0,"A","F")))) -> pending | G21: =IF(OR($B$1="",$E21=0),"",IFERROR(AVERAGEIFS(Executions!$I$2:$I$500,Executions!$B$2:$B$500,$B$1,Executions!$C$2:$C$500,$A21),"—")) | H21: =IF($B$1="","",IFERROR(AVERAGEIFS(ProbeResults!$D$2:$D$500,ProbeResults!$A$2:$A$500,$B$1,ProbeResults!$F$2:$F$500,$A21),"—")) -> — | I21: =IF(Scripts!I18="Y","HAZARD","")

Sheet Dashboard
A1: Per-run roll-up — one row per run; compare rows to compare builds
A2: Targets (tunable): | G2: 0.8 | H2: 5.5 | I2: 5.5 | J2: 0.9 | K2: 0.9 | L2: 0.9 | M2: 0
A3: run_id | B3: date | C3: build / tag | D3: mode | E3: executions | F3: scripts covered | G3: unaided rate | H3: mean SEQ | I3: floor SEQ | J3: probe accuracy | K3: P4 (no-leak) | L3: P5 (handoff) | M3: Blockers | N3: Majors | O3: Minors
A4: =IF(Runs!A2="","",Runs!A2) -> R0-example | B4: =IF($A4="","",Runs!B2) -> 2026-07-22 | C4: =IF($A4="","",Runs!C2) -> v121-pilot | D4: =IF($A4="","",Runs!E2) -> pilot | E4: =IF($A4="","",COUNTIFS(Executions!$B$2:$B$500,$A4)) -> 1 | F4: =IF($A4="","",SUMPRODUCT(--(COUNTIFS(Executions!$B$2:$B$500,$A4,Executions!$C$2:$C$500,Scripts!$A$2:$A$18)>0))) -> 1 | G4: =IF(OR($A4="",$E4=0),"",COUNTIFS(Executions!$B$2:$B$500,$A4,Executions!$F$2:$F$500,"U")/$E4) -> 1 | H4: =IF(OR($A4="",$E4=0),"",IFERROR(AVERAGEIFS(Executions!$I$2:$I$500,Executions!$B$2:$B$500,$A4),"")) -> 6 | I4: =IF(OR($A4="",$E4=0),"",_xlfn.MINIFS(Executions!$I$2:$I$500,Executions!$B$2:$B$500,$A4)) -> 6 | J4: =IF($A4="","",IFERROR(AVERAGEIFS(ProbeResults!$D$2:$D$500,ProbeResults!$A$2:$A$500,$A4),"—")) -> 0.75 | K4: =IF($A4="","",IFERROR(AVERAGEIFS(ProbeResults!$D$2:$D$500,ProbeResults!$A$2:$A$500,$A4,ProbeResults!$B$2:$B$500,"P4"),"—")) -> — | L4: =IF($A4="","",IFERROR(AVERAGEIFS(ProbeResults!$D$2:$D$500,ProbeResults!$A$2:$A$500,$A4,ProbeResults!$B$2:$B$500,"P5"),"—")) -> — | M4: =IF($A4="","",COUNTIFS(Defects!$B$2:$B$300,$A4,Defects!$F$2:$F$300,"Blocker")) -> 0 | N4: =IF($A4="","",COUNTIFS(Defects!$B$2:$B$300,$A4,Defects!$F$2:$F$300,"Major")) -> 0 | O4: =IF($A4="","",COUNTIFS(Defects!$B$2:$B$300,$A4,Defects!$F$2:$F$300,"Minor")) -> 1
A5: =IF(Runs!A3="","",Runs!A3) | B5: =IF($A5="","",Runs!B3) | C5: =IF($A5="","",Runs!C3) | D5: =IF($A5="","",Runs!E3) | E5: =IF($A5="","",COUNTIFS(Executions!$B$2:$B$500,$A5)) | F5: =IF($A5="","",SUMPRODUCT(--(COUNTIFS(Executions!$B$2:$B$500,$A5,Executions!$C$2:$C$500,Scripts!$A$2:$A$18)>0))) | G5: =IF(OR($A5="",$E5=0),"",COUNTIFS(Executions!$B$2:$B$500,$A5,Executions!$F$2:$F$500,"U")/$E5) | H5: =IF(OR($A5="",$E5=0),"",IFERROR(AVERAGEIFS(Executions!$I$2:$I$500,Executions!$B$2:$B$500,$A5),"")) | I5: =IF(OR($A5="",$E5=0),"",_xlfn.MINIFS(Executions!$I$2:$I$500,Executions!$B$2:$B$500,$A5)) | J5: =IF($A5="","",IFERROR(AVERAGEIFS(ProbeResults!$D$2:$D$500,ProbeResults!$A$2:$A$500,$A5),"—")) | K5: =IF($A5="","",IFERROR(AVERAGEIFS(ProbeResults!$D$2:$D$500,ProbeResults!$A$2:$A$500,$A5,ProbeResults!$B$2:$B$500,"P4"),"—")) | L5: =IF($A5="","",IFERROR(AVERAGEIFS(ProbeResults!$D$2:$D$500,ProbeResults!$A$2:$A$500,$A5,ProbeResults!$B$2:$B$500,"P5"),"—")) | M5: =IF($A5="","",COUNTIFS(Defects!$B$2:$B$300,$A5,Defects!$F$2:$F$300,"Blocker")) | N5: =IF($A5="","",COUNTIFS(Defects!$B$2:$B$300,$A5,Defects!$F$2:$F$300,"Major")) | O5: =IF($A5="","",COUNTIFS(Defects!$B$2:$B$300,$A5,Defects!$F$2:$F$300,"Minor"))
A6: =IF(Runs!A4="","",Runs!A4) | B6: =IF($A6="","",Runs!B4) | C6: =IF($A6="","",Runs!C4) | D6: =IF($A6="","",Runs!E4) | E6: =IF($A6="","",COUNTIFS(Executions!$B$2:$B$500,$A6)) | F6: =IF($A6="","",SUMPRODUCT(--(COUNTIFS(Executions!$B$2:$B$500,$A6,Executions!$C$2:$C$500,Scripts!$A$2:$A$18)>0))) | G6: =IF(OR($A6="",$E6=0),"",COUNTIFS(Executions!$B$2:$B$500,$A6,Executions!$F$2:$F$500,"U")/$E6) | H6: =IF(OR($A6="",$E6=0),"",IFERROR(AVERAGEIFS(Executions!$I$2:$I$500,Executions!$B$2:$B$500,$A6),"")) | I6: =IF(OR($A6="",$E6=0),"",_xlfn.MINIFS(Executions!$I$2:$I$500,Executions!$B$2:$B$500,$A6)) | J6: =IF($A6="","",IFERROR(AVERAGEIFS(ProbeResults!$D$2:$D$500,ProbeResults!$A$2:$A$500,$A6),"—")) | K6: =IF($A6="","",IFERROR(AVERAGEIFS(ProbeResults!$D$2:$D$500,ProbeResults!$A$2:$A$500,$A6,ProbeResults!$B$2:$B$500,"P4"),"—")) | L6: =IF($A6="","",IFERROR(AVERAGEIFS(ProbeResults!$D$2:$D$500,ProbeResults!$A$2:$A$500,$A6,ProbeResults!$B$2:$B$500,"P5"),"—")) | M6: =IF($A6="","",COUNTIFS(Defects!$B$2:$B$300,$A6,Defects!$F$2:$F$300,"Blocker")) | N6: =IF($A6="","",COUNTIFS(Defects!$B$2:$B$300,$A6,Defects!$F$2:$F$300,"Major")) | O6: =IF($A6="","",COUNTIFS(Defects!$B$2:$B$300,$A6,Defects!$F$2:$F$300,"Minor"))
A7: =IF(Runs!A5="","",Runs!A5) | B7: =IF($A7="","",Runs!B5) | C7: =IF($A7="","",Runs!C5) | D7: =IF($A7="","",Runs!E5) | E7: =IF($A7="","",COUNTIFS(Executions!$B$2:$B$500,$A7)) | F7: =IF($A7="","",SUMPRODUCT(--(COUNTIFS(Executions!$B$2:$B$500,$A7,Executions!$C$2:$C$500,Scripts!$A$2:$A$18)>0))) | G7: =IF(OR($A7="",$E7=0),"",COUNTIFS(Executions!$B$2:$B$500,$A7,Executions!$F$2:$F$500,"U")/$E7) | H7: =IF(OR($A7="",$E7=0),"",IFERROR(AVERAGEIFS(Executions!$I$2:$I$500,Executions!$B$2:$B$500,$A7),"")) | I7: =IF(OR($A7="",$E7=0),"",_xlfn.MINIFS(Executions!$I$2:$I$500,Executions!$B$2:$B$500,$A7)) | J7: =IF($A7="","",IFERROR(AVERAGEIFS(ProbeResults!$D$2:$D$500,ProbeResults!$A$2:$A$500,$A7),"—")) | K7: =IF($A7="","",IFERROR(AVERAGEIFS(ProbeResults!$D$2:$D$500,ProbeResults!$A$2:$A$500,$A7,ProbeResults!$B$2:$B$500,"P4"),"—")) | L7: =IF($A7="","",IFERROR(AVERAGEIFS(ProbeResults!$D$2:$D$500,ProbeResults!$A$2:$A$500,$A7,ProbeResults!$B$2:$B$500,"P5"),"—")) | M7: =IF($A7="","",COUNTIFS(Defects!$B$2:$B$300,$A7,Defects!$F$2:$F$300,"Blocker")) | N7: =IF($A7="","",COUNTIFS(Defects!$B$2:$B$300,$A7,Defects!$F$2:$F$300,"Major")) | O7: =IF($A7="","",COUNTIFS(Defects!$B$2:$B$300,$A7,Defects!$F$2:$F$300,"Minor"))
A8: =IF(Runs!A6="","",Runs!A6) | B8: =IF($A8="","",Runs!B6) | C8: =IF($A8="","",Runs!C6) | D8: =IF($A8="","",Runs!E6) | E8: =IF($A8="","",COUNTIFS(Executions!$B$2:$B$500,$A8)) | F8: =IF($A8="","",SUMPRODUCT(--(COUNTIFS(Executions!$B$2:$B$500,$A8,Executions!$C$2:$C$500,Scripts!$A$2:$A$18)>0))) | G8: =IF(OR($A8="",$E8=0),"",COUNTIFS(Executions!$B$2:$B$500,$A8,Executions!$F$2:$F$500,"U")/$E8) | H8: =IF(OR($A8="",$E8=0),"",IFERROR(AVERAGEIFS(Executions!$I$2:$I$500,Executions!$B$2:$B$500,$A8),"")) | I8: =IF(OR($A8="",$E8=0),"",_xlfn.MINIFS(Executions!$I$2:$I$500,Executions!$B$2:$B$500,$A8)) | J8: =IF($A8="","",IFERROR(AVERAGEIFS(ProbeResults!$D$2:$D$500,ProbeResults!$A$2:$A$500,$A8),"—")) | K8: =IF($A8="","",IFERROR(AVERAGEIFS(ProbeResults!$D$2:$D$500,ProbeResults!$A$2:$A$500,$A8,ProbeResults!$B$2:$B$500,"P4"),"—")) | L8: =IF($A8="","",IFERROR(AVERAGEIFS(ProbeResults!$D$2:$D$500,ProbeResults!$A$2:$A$500,$A8,ProbeResults!$B$2:$B$500,"P5"),"—")) | M8: =IF($A8="","",COUNTIFS(Defects!$B$2:$B$300,$A8,Defects!$F$2:$F$300,"Blocker")) | N8: =IF($A8="","",COUNTIFS(Defects!$B$2:$B$300,$A8,Defects!$F$2:$F$300,"Major")) | O8: =IF($A8="","",COUNTIFS(Defects!$B$2:$B$300,$A8,Defects!$F$2:$F$300,"Minor"))
A9: =IF(Runs!A7="","",Runs!A7) | B9: =IF($A9="","",Runs!B7) | C9: =IF($A9="","",Runs!C7) | D9: =IF($A9="","",Runs!E7) | E9: =IF($A9="","",COUNTIFS(Executions!$B$2:$B$500,$A9)) | F9: =IF($A9="","",SUMPRODUCT(--(COUNTIFS(Executions!$B$2:$B$500,$A9,Executions!$C$2:$C$500,Scripts!$A$2:$A$18)>0))) | G9: =IF(OR($A9="",$E9=0),"",COUNTIFS(Executions!$B$2:$B$500,$A9,Executions!$F$2:$F$500,"U")/$E9) | H9: =IF(OR($A9="",$E9=0),"",IFERROR(AVERAGEIFS(Executions!$I$2:$I$500,Executions!$B$2:$B$500,$A9),"")) | I9: =IF(OR($A9="",$E9=0),"",_xlfn.MINIFS(Executions!$I$2:$I$500,Executions!$B$2:$B$500,$A9)) | J9: =IF($A9="","",IFERROR(AVERAGEIFS(ProbeResults!$D$2:$D$500,ProbeResults!$A$2:$A$500,$A9),"—")) | K9: =IF($A9="","",IFERROR(AVERAGEIFS(ProbeResults!$D$2:$D$500,ProbeResults!$A$2:$A$500,$A9,ProbeResults!$B$2:$B$500,"P4"),"—")) | L9: =IF($A9="","",IFERROR(AVERAGEIFS(ProbeResults!$D$2:$D$500,ProbeResults!$A$2:$A$500,$A9,ProbeResults!$B$2:$B$500,"P5"),"—")) | M9: =IF($A9="","",COUNTIFS(Defects!$B$2:$B$300,$A9,Defects!$F$2:$F$300,"Blocker")) | N9: =IF($A9="","",COUNTIFS(Defects!$B$2:$B$300,$A9,Defects!$F$2:$F$300,"Major")) | O9: =IF($A9="","",COUNTIFS(Defects!$B$2:$B$300,$A9,Defects!$F$2:$F$300,"Minor"))
A10: =IF(Runs!A8="","",Runs!A8) | B10: =IF($A10="","",Runs!B8) | C10: =IF($A10="","",Runs!C8) | D10: =IF($A10="","",Runs!E8) | E10: =IF($A10="","",COUNTIFS(Executions!$B$2:$B$500,$A10)) | F10: =IF($A10="","",SUMPRODUCT(--(COUNTIFS(Executions!$B$2:$B$500,$A10,Executions!$C$2:$C$500,Scripts!$A$2:$A$18)>0))) | G10: =IF(OR($A10="",$E10=0),"",COUNTIFS(Executions!$B$2:$B$500,$A10,Executions!$F$2:$F$500,"U")/$E10) | H10: =IF(OR($A10="",$E10=0),"",IFERROR(AVERAGEIFS(Executions!$I$2:$I$500,Executions!$B$2:$B$500,$A10),"")) | I10: =IF(OR($A10="",$E10=0),"",_xlfn.MINIFS(Executions!$I$2:$I$500,Executions!$B$2:$B$500,$A10)) | J10: =IF($A10="","",IFERROR(AVERAGEIFS(ProbeResults!$D$2:$D$500,ProbeResults!$A$2:$A$500,$A10),"—")) | K10: =IF($A10="","",IFERROR(AVERAGEIFS(ProbeResults!$D$2:$D$500,ProbeResults!$A$2:$A$500,$A10,ProbeResults!$B$2:$B$500,"P4"),"—")) | L10: =IF($A10="","",IFERROR(AVERAGEIFS(ProbeResults!$D$2:$D$500,ProbeResults!$A$2:$A$500,$A10,ProbeResults!$B$2:$B$500,"P5"),"—")) | M10: =IF($A10="","",COUNTIFS(Defects!$B$2:$B$300,$A10,Defects!$F$2:$F$300,"Blocker")) | N10: =IF($A10="","",COUNTIFS(Defects!$B$2:$B$300,$A10,Defects!$F$2:$F$300,"Major")) | O10: =IF($A10="","",COUNTIFS(Defects!$B$2:$B$300,$A10,Defects!$F$2:$F$300,"Minor"))
A11: =IF(Runs!A9="","",Runs!A9) | B11: =IF($A11="","",Runs!B9) | C11: =IF($A11="","",Runs!C9) | D11: =IF($A11="","",Runs!E9) | E11: =IF($A11="","",COUNTIFS(Executions!$B$2:$B$500,$A11)) | F11: =IF($A11="","",SUMPRODUCT(--(COUNTIFS(Executions!$B$2:$B$500,$A11,Executions!$C$2:$C$500,Scripts!$A$2:$A$18)>0))) | G11: =IF(OR($A11="",$E11=0),"",COUNTIFS(Executions!$B$2:$B$500,$A11,Executions!$F$2:$F$500,"U")/$E11) | H11: =IF(OR($A11="",$E11=0),"",IFERROR(AVERAGEIFS(Executions!$I$2:$I$500,Executions!$B$2:$B$500,$A11),"")) | I11: =IF(OR($A11="",$E11=0),"",_xlfn.MINIFS(Executions!$I$2:$I$500,Executions!$B$2:$B$500,$A11)) | J11: =IF($A11="","",IFERROR(AVERAGEIFS(ProbeResults!$D$2:$D$500,ProbeResults!$A$2:$A$500,$A11),"—")) | K11: =IF($A11="","",IFERROR(AVERAGEIFS(ProbeResults!$D$2:$D$500,ProbeResults!$A$2:$A$500,$A11,ProbeResults!$B$2:$B$500,"P4"),"—")) | L11: =IF($A11="","",IFERROR(AVERAGEIFS(ProbeResults!$D$2:$D$500,ProbeResults!$A$2:$A$500,$A11,ProbeResults!$B$2:$B$500,"P5"),"—")) | M11: =IF($A11="","",COUNTIFS(Defects!$B$2:$B$300,$A11,Defects!$F$2:$F$300,"Blocker")) | N11: =IF($A11="","",COUNTIFS(Defects!$B$2:$B$300,$A11,Defects!$F$2:$F$300,"Major")) | O11: =IF($A11="","",COUNTIFS(Defects!$B$2:$B$300,$A11,Defects!$F$2:$F$300,"Minor"))
A12: =IF(Runs!A10="","",Runs!A10) | B12: =IF($A12="","",Runs!B10) | C12: =IF($A12="","",Runs!C10) | D12: =IF($A12="","",Runs!E10) | E12: =IF($A12="","",COUNTIFS(Executions!$B$2:$B$500,$A12)) | F12: =IF($A12="","",SUMPRODUCT(--(COUNTIFS(Executions!$B$2:$B$500,$A12,Executions!$C$2:$C$500,Scripts!$A$2:$A$18)>0))) | G12: =IF(OR($A12="",$E12=0),"",COUNTIFS(Executions!$B$2:$B$500,$A12,Executions!$F$2:$F$500,"U")/$E12) | H12: =IF(OR($A12="",$E12=0),"",IFERROR(AVERAGEIFS(Executions!$I$2:$I$500,Executions!$B$2:$B$500,$A12),"")) | I12: =IF(OR($A12="",$E12=0),"",_xlfn.MINIFS(Executions!$I$2:$I$500,Executions!$B$2:$B$500,$A12)) | J12: =IF($A12="","",IFERROR(AVERAGEIFS(ProbeResults!$D$2:$D$500,ProbeResults!$A$2:$A$500,$A12),"—")) | K12: =IF($A12="","",IFERROR(AVERAGEIFS(ProbeResults!$D$2:$D$500,ProbeResults!$A$2:$A$500,$A12,ProbeResults!$B$2:$B$500,"P4"),"—")) | L12: =IF($A12="","",IFERROR(AVERAGEIFS(ProbeResults!$D$2:$D$500,ProbeResults!$A$2:$A$500,$A12,ProbeResults!$B$2:$B$500,"P5"),"—")) | M12: =IF($A12="","",COUNTIFS(Defects!$B$2:$B$300,$A12,Defects!$F$2:$F$300,"Blocker")) | N12: =IF($A12="","",COUNTIFS(Defects!$B$2:$B$300,$A12,Defects!$F$2:$F$300,"Major")) | O12: =IF($A12="","",COUNTIFS(Defects!$B$2:$B$300,$A12,Defects!$F$2:$F$300,"Minor"))
A13: =IF(Runs!A11="","",Runs!A11) | B13: =IF($A13="","",Runs!B11) | C13: =IF($A13="","",Runs!C11) | D13: =IF($A13="","",Runs!E11) | E13: =IF($A13="","",COUNTIFS(Executions!$B$2:$B$500,$A13)) | F13: =IF($A13="","",SUMPRODUCT(--(COUNTIFS(Executions!$B$2:$B$500,$A13,Executions!$C$2:$C$500,Scripts!$A$2:$A$18)>0))) | G13: =IF(OR($A13="",$E13=0),"",COUNTIFS(Executions!$B$2:$B$500,$A13,Executions!$F$2:$F$500,"U")/$E13) | H13: =IF(OR($A13="",$E13=0),"",IFERROR(AVERAGEIFS(Executions!$I$2:$I$500,Executions!$B$2:$B$500,$A13),"")) | I13: =IF(OR($A13="",$E13=0),"",_xlfn.MINIFS(Executions!$I$2:$I$500,Executions!$B$2:$B$500,$A13)) | J13: =IF($A13="","",IFERROR(AVERAGEIFS(ProbeResults!$D$2:$D$500,ProbeResults!$A$2:$A$500,$A13),"—")) | K13: =IF($A13="","",IFERROR(AVERAGEIFS(ProbeResults!$D$2:$D$500,ProbeResults!$A$2:$A$500,$A13,ProbeResults!$B$2:$B$500,"P4"),"—")) | L13: =IF($A13="","",IFERROR(AVERAGEIFS(ProbeResults!$D$2:$D$500,ProbeResults!$A$2:$A$500,$A13,ProbeResults!$B$2:$B$500,"P5"),"—")) | M13: =IF($A13="","",COUNTIFS(Defects!$B$2:$B$300,$A13,Defects!$F$2:$F$300,"Blocker")) | N13: =IF($A13="","",COUNTIFS(Defects!$B$2:$B$300,$A13,Defects!$F$2:$F$300,"Major")) | O13: =IF($A13="","",COUNTIFS(Defects!$B$2:$B$300,$A13,Defects!$F$2:$F$300,"Minor"))
